AAAAKLAGLVFPQPPAPIAV	20	14	33	+	4356693	4357535	40	99	4356732	4356791
AAASWDALAAELASA	15	27	41	+	3501334	3501732	79	123	3501412	3501456
AAFDYADGAAEDELS	notfound
AAFQAAHARFVAAAA	15	49	63	+	351525	351818	145	189	351669	351713
AAFYAQFVQALSAGGGA	17	70	86	+	838451	840856	208	258	838658	838708
AAGSSATGGAAPVGAGAMGQGAQSG	25	313	337	+	4351075	4352181	937	1011	4352011	4352085
AAGTAAQAAVVRFQE	15	46	60	+	4352274	4352576	136	180	4352409	4352453
AAGTAAQAAVVRFQEAA	17	46	62	+	4352274	4352576	136	186	4352409	4352459
AAGTAAQAAVVRFQEAANKQKQELD	25	46	70	+	4352274	4352576	136	210	4352409	4352483
AAGTYVAADAAAASS	15	79	93	-	3379036	3379329	235	279	3379051	3379095
AAGTYVAADAAAAST	15	79	93	+	351525	351818	235	279	351759	351803
AAKLAGLVFPQPPAP	15	16	30	+	4356693	4357535	46	90	4356738	4356782
AALAMEVYQAETAVNTLF	18	147	164	+	4351075	4352181	439	492	4351513	4351566
AALPLLFFALAGQRI	15	295	309	+	3184847	3186934	883	927	3185729	3185773
AANQLMNNVPQALQQ	multiplematches
AAQAAVVRFQEAANK	15	50	64	+	4352274	4352576	148	192	4352421	4352465
AASAIQGNVTSIHSL	15	14	28	+	4352609	4352896	40	84	4352648	4352692
AASPPSTAAAPPAPATPVAP	20	51	70	+	2107736	2108713	151	210	2107886	2107945
AAVDKDAVIVAAAGN	15	224	238	+	354498	355883	670	714	355167	355211
AAVQAAWAVLVAYFNRLRCGTGDY	24	150	173	+	2113140	2115476	448	519	2113587	2113658
AAVVLPGLVGLAGGA	15	21	35	-	2134890	2135867	61	105	2135763	2135807
AAWGGSGSEAYQGVQ	15	41	55	+	4352609	4352896	121	165	4352729	4352773
AAWGGSGSEAYQGVQQKW	18	41	58	+	4352609	4352896	121	174	4352729	4352782
AAYETAYGLTVPPPV	multiplematches
ACGKAGCQTYKWETL	notfound
ADLVPTATLLDTY	multiplematches
ADVGPATPPPPWCEP	15	30	44	+	2970123	2970554	88	132	2970210	2970254
AEAPAAAAAPEEQVQ	15	456	470	-	307877	309547	1366	1410	308138	308182
AEHQAIISDVLTASD	multiplematches
AEHQAIVRDVLAAGD	multiplematches
AEHQAIVRDVLAASD	notfound
AEKPATEQAEPVHEVTNDDQ	20	194	213	+	4356693	4357535	580	639	4357272	4357331
AELMILIATNLLGQN	multiplematches
AERLHVTPSAVSQRIKSLEQ	20	27	46	-	2228991	2229902	79	138	2229765	2229824
AESSLNPSLVSRISA	15	2	16	-	1107443	1108099	4	48	1108052	1108096
AGAMGAYAAAEAANA	15	81	95	-	927837	930485	241	285	930201	930245
AGARPAASPLAAPVDPSTPA	20	254	273	+	4356693	4357535	760	819	4357452	4357511
AGCQTYKWETFLTSE	multiplematches
AGGFGGAGAGIANFL	15	695	709	-	927837	930485	2083	2127	928359	928403
AGGVAVIKAGAATEV	15	371	385	+	528608	530230	1111	1155	529718	529762
AGIEAAASAIQGNVT	15	9	23	+	4352609	4352896	25	69	4352633	4352677
AGIERTFVAYLKMAGKTAQDT	21	378	398	+	503496	504998	1132	1194	504627	504689
AGNVNIAIGGAATGIAAVLTD	21	71	91	+	4209047	4209526	211	273	4209257	4209319
AGQAELTAAQVRVAAAAYET	multiplematches
AGRFEVHAQTVEDEA	multiplematches
AGSLEAEHQAIISDV	multiplematches
AGSLQGQWRGAAGTA	15	36	50	+	4352274	4352576	106	150	4352379	4352423
AGTAAQAAVVRFQEA	15	47	61	+	4352274	4352576	139	183	4352412	4352456
AHLRAFRAYAAHSQEI	16	675	690	-	4357593	4359782	2023	2070	4357713	4357760
AHVHISQAEVVVNQLDTMFVAE	22	569	590	+	2113140	2115476	1705	1770	2114844	2114909
AIDTAAANQLMNNVPQALQQ	multiplematches
AIQGNVTSIHSLLDE	15	17	31	+	4352609	4352896	49	93	4352657	4352701
AIQGNVTSIHSLLDEGK	17	17	33	+	4352609	4352896	49	99	4352657	4352707
ALCLRLLTARSRTRA	15	19	33	-	3048562	3049086	55	99	3048988	3049032
ALEDLVRAYQSMSGT	15	61	75	-	3378711	3379001	181	225	3378777	3378821
ALGATPNTGPAPQGA	15	324	338	-	4265642	4266658	970	1014	4265645	4265689
ALGERRLVRLLRLGG	15	136	150	-	2936810	2937865	406	450	2937416	2937460
ALLALTRAILIRVRNASWQH	20	181	200	-	1959855	1960487	541	600	1959888	1959947
ALLESEALAEMGGNASLKRTRITIA	25	76	100	-	2228991	2229902	226	300	2229603	2229677
ALLPRAGAAAAAALP	15	175	189	-	1301755	1302681	523	567	1302115	1302159
ALLSKTTGDPPFPGQPPPVA	20	141	160	+	2107736	2108713	421	480	2108156	2108215
ALPPEINSARMYAGP	multiplematches
ALQNLARTISEAGQA	15	68	82	+	4352609	4352896	202	246	4352810	4352854
ALRRLKGFDQILKLMSGMLR	20	31	50	+	2219754	2220800	91	150	2219844	2219903
ALSRVHSMFLGTGGS	notfound
ALSRVQSMFLGTGGS	15	128	142	-	1301755	1302681	382	426	1302256	1302300
ALVRRAAAAGFDTML	notfound
ALVRRVAAAGFDTML	15	171	185	-	2121907	2123151	511	555	2122597	2122641
ALVSGLVGAVGGTAT	15	26	40	-	4265642	4266658	76	120	4266539	4266583
AMEDLVRAYHAMSST	15	61	75	+	351848	352138	181	225	352028	352072
AMGQGAQSGGSTRPGLVA	18	329	346	+	4351075	4352181	985	1038	4352059	4352112
AMMARDTAEAAKWGG	15	82	96	+	351848	352138	244	288	352091	352135
AMRDMAGRFEVHAQT	multiplematches
APAPAPAGEVAPTPTTPTPQ	20	301	320	+	2107736	2108713	901	960	2108636	2108695
APIVMVDSVEHLDL	14	132	145	+	2002626	2003870	394	435	2003019	2003060
APLAQEREEDDEDDW	15	348	362	+	4351075	4352181	1042	1086	4352116	4352160
APPAPATPVAPPPPAAA	17	60	76	+	2107736	2108713	178	228	2107913	2107963
APTPTTPTPQRTLPA	15	311	325	+	2107736	2108713	931	975	2108666	2108710
APYNVRRLPPPVVEP	15	398	412	-	4363417	4364757	1192	1236	4363522	4363566
AQFVAATGRPLIGNGANGAPG	21	104	124	+	838451	840856	310	372	838760	838822
AQNGVQAMSSLGSQLGSSLG	20	281	300	-	1532443	1533633	841	900	1532734	1532793
AQPGDPNAAPPPADPNAPPP	20	81	100	+	2107736	2108713	241	300	2107976	2108035
AQTVEDEARRMWASA	multiplematches
AQWNQAMEDLVRAYH	15	56	70	+	351848	352138	166	210	352013	352057
AQYDQYRARNVAVMNAYVSWTRSAL	25	136	160	+	3842239	3842769	406	480	3842644	3842718
ARLMAGAGPAPMLAAAAG	18	13	30	+	4351075	4352181	37	90	4351111	4351164
ARLMAGAGPAPMLAAAAGWQTLSAA	25	13	37	+	4351075	4352181	37	111	4351111	4351185
ARRMWASAQNISGAG	multiplematches
ASAIQGNVTSIHSLL	15	15	29	+	4352609	4352896	43	87	4352651	4352695
ASMSMAAAASPYVGW	15	63	77	-	3490476	3491651	187	231	3491421	3491465
ASVGSYAAAEAANAS	15	82	96	-	1618209	1619684	244	288	1619397	1619441
ATAGAFSRPGLPVEY	multiplematches
ATATELNNALQNLARTI	17	60	76	+	4352609	4352896	178	228	4352786	4352836
ATELNNALQNLARTI	15	62	76	+	4352609	4352896	184	228	4352792	4352836
ATFRTIIVVGALISMFGINVAASFGA	26	298	323	-	2221719	2223164	892	969	2222196	2222273
ATGGAAPVGAGAMGQGAQ	18	318	335	+	4351075	4352181	952	1005	4352026	4352079
ATLAQEAGNFERISGDLK	18	9	26	+	4352274	4352576	25	78	4352298	4352351
ATNFFGINTIPIAL	multiplematches
ATTAGIPLLRLAAQTALLESEALAE	25	61	85	-	2228991	2229902	181	255	2229648	2229722
AVAGAAILVAGLSGCSS	17	8	24	+	4209047	4209526	22	72	4209068	4209118
AVDAADKVLGYRNWL	15	278	292	-	2084756	2086981	832	876	2086106	2086150
AVLVATNFFGINTIP	multiplematches
AVVELGSFDAAAERLHVTPSAVSQR	25	16	40	-	2228991	2229902	46	120	2229783	2229857
AVVRFQEAANKQK	13	54	66	+	4352274	4352576	160	198	4352433	4352471
AVVRFQEAANKQKQE	15	54	68	+	4352274	4352576	160	204	4352433	4352477
AWMSAAAAQAEQAAT	15	74	88	+	2026790	2027971	220	264	2027009	2027053
AWYRLTKFFGKLFLINF	17	46	62	-	1824430	1825887	136	186	1825702	1825752
AYGLTVPPPVIAENRAELMI	multiplematches
AYVSWTRSALSDLPRWREPPQIYRGG	26	151	176	+	3842239	3842769	451	528	3842689	3842766
CLDELRGAAASAAFVVASGS	20	131	150	-	2275405	2276424	391	450	2275975	2276034
CQTYKWETF	multiplematches
DAHGAMIRALAGLLE	notfound
DAHGAMIRAQAGLLE	multiplematches
DAHGAMIRAQAGSLE	multiplematches
DAPLITNPGGLLEQAVAVEE	multiplematches
DAVAAVVAPVGVLVY	15	411	425	+	1513047	1515626	1231	1275	1514277	1514321
DEARRMWASAQNISG	multiplematches
DEGAGASPGQQPGGGVPAQA	20	230	249	+	4356693	4357535	688	747	4357380	4357439
DEISTNIRQAGVQYS	15	70	84	+	4352274	4352576	208	252	4352481	4352525
DELDELDENWKGSSSDLLADAVERY	25	46	70	+	3842239	3842769	136	210	3842374	3842448
DFDGRSEFAYGSFVR	15	86	100	-	2278498	2278932	256	300	2278633	2278677
DGLLAILAAGASLVQ	15	193	207	+	3649420	3650109	577	621	3649996	3650040
DGRSEFAYGSFVRTV	15	88	102	-	2278498	2278932	262	306	2278627	2278671
DGRTARVPGDEITST	15	61	75	+	2955058	2955420	181	225	2955238	2955282
DGYVRFCVMAPRQWRGLRRWLGEP	24	223	246	+	2113140	2115476	667	738	2113806	2113877
DIGLHIIVTCQMSQAYKATMDK	22	503	524	+	4348827	4350602	1507	1572	4350333	4350398
DIKVQFQSGGANSPA	15	64	78	-	4265642	4266658	190	234	4266425	4266469
DKILVQANEAETTTA	15	11	25	-	3836986	3837288	31	75	3837214	3837258
DKVLPLVAIVVSVGLAVSYD	20	414	433	-	2221719	2223164	1240	1299	2221866	2221925
DLKLLRETPNAVRRS	notfound
DLLADAVERYLQWLSKHSSQLKHAA	25	61	85	+	3842239	3842769	181	255	3842419	3842493
DNVAGKRVHNAIIRRMQRMSFEE	23	216	238	+	2002626	2003870	646	714	2003271	2003339
DQKLYASAEATDSKAAARLG	20	171	190	+	2107736	2108713	511	570	2108246	2108305
DRYRHLVALSITDFGAAGPRSSWRA	25	92	116	+	2113140	2115476	274	348	2113413	2113487
DSTVITDRDIVNIDV	notfound
DTFYDRAQEYSQVLQ	15	26	40	-	4357593	4359782	76	120	4359663	4359707
DTGITYQAWQAQWNQ	15	46	60	+	351848	352138	136	180	351983	352027
DTGITYQGWQTQWNQ	15	46	60	-	3378711	3379001	136	180	3378822	3378866
DVLHAFNPRIVLAGSSAFGN	20	478	497	+	2113140	2115476	1432	1491	2114571	2114630
DVQPAEVVAAARDEGAGASP	20	218	237	+	4356693	4357535	652	711	4357344	4357403
DWPAAYAIGEHLSVE	15	101	115	+	2955058	2955420	301	345	2955358	2955402
DWYSPACGKAGCQTYKWETL	notfound
DYVRMWVQAATVMSA	15	142	156	-	3376939	3378243	424	468	3377776	3377820
EAGQAMASTEGNVTG	15	78	92	+	4352609	4352896	232	276	4352840	4352884
EARHVIPFSALCLRLSQLGG	20	101	120	-	2979326	2979688	301	360	2979329	2979388
EARRMWASAQNISGA	multiplematches
EAYQGVQQKWDATATEL	17	49	65	+	4352609	4352896	145	195	4352753	4352803
EDEARRMWASAQNIS	multiplematches
EDLVRAYHSMSSTHE	notfound
EEAAQMGLLGTSPLSNHP	18	247	264	+	4351075	4352181	739	792	4351813	4351866
EEIAANREERRRLIASNVAGVNTPA	25	106	130	+	3842239	3842769	316	390	3842554	3842628
EFAYGSFVRTVSLPV	15	92	106	-	2278498	2278932	274	318	2278615	2278659
EGPGADSLFFASGQLRELAYSVETT	25	16	40	+	3842239	3842769	46	120	3842284	3842358
EITSTVSGWLSELGT	15	71	85	+	2955058	2955420	211	255	2955268	2955312
ELADLIEFARTVNEE	notfound
ELDEISTNIRQAGVQ	15	68	82	+	4352274	4352576	202	246	4352475	4352519
ELDEISTNIRQAGVQYSR	18	68	85	+	4352274	4352576	202	255	4352475	4352528
ELFVAAYVPYVAWLV	15	66	80	-	3376939	3378243	196	240	3378004	3378048
ELPGVDPDKDVDIMV	15	56	70	-	2278498	2278932	166	210	2278723	2278767
ELVRADVTTPCLLPE	notfound
ELVRADVTTPRLLPE	15	184	198	+	1456565	1457542	550	594	1457114	1457158
EQRDRILIITINRPKAKNAV	20	17	36	+	265507	266295	49	108	265555	265614
EREEDDEDDWDEEDD	15	353	367	+	4351075	4352181	1057	1101	4352131	4352175
ERLHVTPSAVSQRIKSLEQQ	20	28	47	-	2228991	2229902	82	141	2229762	2229821
ESGASYAARDALAAA	15	81	95	+	1561464	1561772	241	285	1561704	1561748
ESIRPLVAPPPAPAPAPAEP	20	281	300	+	2107736	2108713	841	900	2108576	2108635
ESLVSDGLPGVKAAL	15	51	65	+	4356693	4357535	151	195	4356843	4356887
ETAVNTLFEKLEPMASIL	18	157	174	+	4351075	4352181	469	522	4351543	4351596
ETLHERIKVTERRLLVAAVAALATH	25	173	197	+	1067561	1068208	517	591	1068077	1068151
EVLVEQRDRILIITINR	17	13	29	+	265507	266295	37	87	265543	265593
EWTVRHTVAAWPAVC	15	47	61	+	1111612	1112223	139	183	1111750	1111794
FAYGSFVRTVSLPVG	15	93	107	-	2278498	2278932	277	321	2278612	2278656
FDGRSEFAYGSFVRT	15	87	101	-	2278498	2278932	259	303	2278630	2278674
FDREFTFGWDELLSK	15	698	712	-	3129344	3131773	2092	2136	3129638	3129682
FFGQNAPAIAAIEAA	15	125	139	-	2162932	2167311	373	417	2166895	2166939
FGMPSPGSSTPVGQLPPA	18	187	204	+	4351075	4352181	559	612	4351633	4351686
FLGQNTAAIAATEAQ	15	126	140	-	4060648	4061889	376	420	4061470	4061514
FLMSVGALIIGWLLQ	notfound
FLRIATSARVLAAPLPT	17	47	63	+	1384535	1384966	139	189	1384673	1384723
FLTTEAVVADKPEKEKASVPGGGDMGGMDF	30	511	540	+	528608	530230	1531	1620	530138	530227
FPVVTHDEVLRLVGRRRLWGRG	22	60	81	+	1239610	1239984	178	243	1239787	1239852
FQEAANKQKQELDEI	15	58	72	+	4352274	4352576	172	216	4352445	4352489
FSRPGLPVEYLQVPS	multiplematches
FSRPGLPVEYLQVPSPSM	multiplematches
FSRPGLPVEYLQVPSPSMGR	multiplematches
FSRPGLPVEYLQVPSPSMGRDIK	multiplematches
FVRTVSLPVGADEDD	15	98	112	-	2278498	2278932	292	336	2278597	2278641
GAAGTAAQAAVVRFQ	15	45	59	+	4352274	4352576	133	177	4352406	4352450
GAAGTAAQAAVVRFQEAAN	19	45	63	+	4352274	4352576	133	189	4352406	4352462
GAAGTAAQAAVVRFQEAANKQKQ	23	45	67	+	4352274	4352576	133	201	4352406	4352474
GAMGQGAQSGGSTRP	15	328	342	+	4351075	4352181	982	1026	4352056	4352100
GAMGQGAQSGGSTRPGLVAPAPLAQ	25	328	352	+	4351075	4352181	982	1056	4352056	4352130
GASQSTTNPIFGMPSPGS	18	177	194	+	4351075	4352181	529	582	4351603	4351656
GAYAAAEAANVSAAQ	15	85	99	+	1216469	1219030	253	297	1216721	1216765
GCQTYKWETFLTSEL	multiplematches
GCQTYKWETLLTSEL	notfound
GCQTYKWETLLTSELPQW	notfound
GCQTYKWETLLTSELPQWLS	notfound
GCSSNKSTTGSGETTTAAGT	20	21	40	+	4209047	4209526	61	120	4209107	4209166
GDLKTQIDQVESTAGSL	17	23	39	+	4352274	4352576	67	117	4352340	4352390
GDMAGYAGTLQSLGA	multiplematches
GFTAAAAAKAPSLAWNRDDGLQDML	25	181	205	-	2228991	2229902	541	615	2229288	2229362
GFTAAARAGLGWGMFPEKLAASPLA	25	226	250	-	2228991	2229902	676	750	2229153	2229227
GGGVPAQAMDTGAGARPAAS	20	242	261	+	4356693	4357535	724	783	4357416	4357475
GGLYYIFATYTTTVDF	16	332	347	+	2226244	2227920	994	1041	2227237	2227284
GGSGPMPAQLASAEKPATEQ	20	182	201	+	4356693	4357535	544	603	4357236	4357295
GGSGPSAGAGLLRAESLP	18	267	284	+	4351075	4352181	799	852	4351873	4351926
GGTGGGNPADEEAAQMGL	18	237	254	+	4351075	4352181	709	762	4351783	4351836
GHRRMVFRFLTSPIEI	16	263	278	+	3474007	3475377	787	834	3474793	3474840
GIEAAASAIQGNVTS	15	10	24	+	4352609	4352896	28	72	4352636	4352680
GKAGCQTYKWETFLT	multiplematches
GKAGCQTYKWETFLTSE	multiplematches
GKQSLTKLAAAWGGSGSEA	19	32	50	+	4352609	4352896	94	150	4352702	4352758
GLAALAVAVSPPAAAGDLVGPGCAE	25	16	40	+	3187030	3187611	46	120	3187075	3187149
GLLGTSPLSNHPLAGGSGPSAGAGL	25	253	277	+	4351075	4352181	757	831	4351831	4351905
GLVAPAPLAQEREED	15	343	357	+	4351075	4352181	1027	1071	4352101	4352145
GLVAPAPLAQEREEDDEDDWDEEDD	25	343	367	+	4351075	4352181	1027	1101	4352101	4352175
GLVAPAPLAQEREEDDEDDWDEEDDW	26	343	368	+	4351075	4352181	1027	1104	4352101	4352178
GMLRERQHRLLYLASA	16	47	62	+	2219754	2220800	139	186	2219892	2219939
GNFERISGDLKTQID	15	16	30	+	4352274	4352576	46	90	4352319	4352363
GNVTSIHSLLDEGKQ	15	20	34	+	4352609	4352896	58	102	4352666	4352710
GPMQQLTQPLQQVTSLFS	18	217	234	+	4351075	4352181	649	702	4351723	4351776
GQLLRRVRSRLARL	14	82	95	-	3573731	3577036	244	285	3576752	3576793
GQPSQATQLLSTPVSQVTTQ	20	110	129	+	4356693	4357535	328	387	4357020	4357079
GQQYQAMSAQAAAFH	15	59	73	-	927837	930485	175	219	930267	930311
GQVVGMNTAASDNF	14	217	230	+	151148	152215	649	690	151796	151837
GQWRGAAGTAAQAAV	15	41	55	+	4352274	4352576	121	165	4352394	4352438
GRAELSSIVVLLTNNTA	17	163	179	-	1824430	1825887	487	537	1825351	1825401
GRLRGLFTNPGSW	13	166	178	+	2230011	2230610	496	534	2230506	2230544
GSASLVAAAKMWDSVASDLF	multiplematches
GSFVRTVSLPVGADE	15	96	110	-	2278498	2278932	286	330	2278603	2278647
GSGHFVKMVHNGIEY	multiplematches
GSIRSLARAVVHAANLGVGV	20	177	196	-	4363417	4364757	529	588	4364170	4364229
GSLIFAAVLVMLIAVLARLMMRGWR	25	8	32	+	1555477	1555974	22	96	1555498	1555572
GSTINAANAAAALPT	15	22	36	-	2960105	2962441	64	108	2962334	2962378
GSTRPGLVAPAPLAQ	15	338	352	+	4351075	4352181	1012	1056	4352086	4352130
GTAAQAAVVRFQEAA	15	48	62	+	4352274	4352576	142	186	4352415	4352459
GTEIRRSDAPRLVDLV	16	48	63	+	14089	14877	142	189	14230	14277
GVQQKWDATATELNN	15	53	67	+	4352609	4352896	157	201	4352765	4352809
GVTICQWTRYF	11	59	69	+	2970123	2970554	175	207	2970297	2970329
GWYLVAATAAAATLR	15	356	370	+	353083	354501	1066	1110	354148	354192
HAQTVEDEARRMWAS	multiplematches
HAVYRTMMMHLLRLARSFGVLPV	23	142	164	+	2219754	2220800	424	492	2220177	2220245
HEVTNDDQGDQGDVQPAEVV	20	206	225	+	4356693	4357535	616	675	4357308	4357367
HFKLVTEGIRVPAGQVYV	18	358	375	+	3513338	3514660	1072	1125	3514409	3514462
HLVRGAEVVDTVP	13	392	404	+	2002626	2003870	1174	1212	2003799	2003837
HPTPCPENGE	10	5	14	+	14089	14877	13	42	14101	14130
HSLLDEGKQSLTKLA	15	26	40	+	4352609	4352896	76	120	4352684	4352728
HSNIKIIRIDEFRRYG	16	81	96	-	13133	13558	241	288	13271	13318
HSNIKIMRIDEFRRYG	notfound
HTLQQDVINMVNDPFQTLTGRPLIG	25	385	409	+	838451	840856	1153	1227	839603	839677
HVTPSAVSQRIKSLEQQVGQVLVVR	25	31	55	-	2228991	2229902	91	165	2229738	2229812
HVYLDTVVLLGALAN	15	123	137	+	2230011	2230610	367	411	2230377	2230421
IADAALAALGLWLSVAAVAG	20	161	180	-	1959855	1960487	481	540	1959948	1960007
IAENRAELMILIATN	multiplematches
IAENRAELMILIATNLLGQN	multiplematches
IALIVITFVVVPAMAYLHYY	notfound
IALTEMDYFIRMWNQAALAMEVY	23	132	154	+	4351075	4352181	394	462	4351468	4351536
IDYAVNVKGVVVVVAAGNTGGDC	23	220	242	-	4363417	4364757	658	726	4364032	4364100
IGRWGVHQEAMMNLA	15	26	40	+	2955058	2955420	76	120	2955133	2955177
IMYNYPTMLGHAGDM	notfound
INLIIHYVHRAGALG	notfound
INSARMYAGPGSASL	multiplematches
INSARMYAGPGSASLVAAAK	multiplematches
IPVVSVTKSVGFQLRGQSGPTTVK	24	217	240	+	503496	504998	649	720	504144	504215
IQARAAALAFEQAYA	15	88	102	+	3501794	3502936	262	306	3502055	3502099
IRQAGVQYSRADEEQQQA	18	76	93	+	4352274	4352576	226	279	4352499	4352552
ISEAGQAMASTEGNV	15	76	90	+	4352609	4352896	226	270	4352834	4352878
IWHPRKVQSATIYQV	15	41	55	+	2955058	2955420	121	165	2955178	2955222
IYEQANAHGQKVQAA	multiplematches
KALAAATPMVVWLQTAST	18	63	80	+	4351075	4352181	187	240	4351261	4351314
KDFDGRSEFAYGSFV	15	85	99	-	2278498	2278932	253	297	2278636	2278680
KDTQGADGPAG	11	39	49	+	2546102	2546431	115	147	2546216	2546248
KHSSQLKHAAWVINGLANAYNDTRR	25	76	100	+	3842239	3842769	226	300	3842464	3842538
KQSLTKLAAAWGGSG	15	33	47	+	4352609	4352896	97	141	4352705	4352749
KVQAAGNNMAQTDSA	multiplematches
KVQSATIYQVTDRSH	15	46	60	+	2955058	2955420	136	180	2955193	2955237
KWDATATELNNALQN	15	57	71	+	4352609	4352896	169	213	4352777	4352821
KWETFLTSELPGWLQ	15	139	153	-	4265642	4266658	415	459	4266200	4266244
KWETLLTSELPQWLS	notfound
LAAAAAWDALAAELY	15	25	39	+	2049921	2051150	73	117	2049993	2050037
LALLLVPGVPLVVMP	15	45	59	-	3385163	3386077	133	177	3385901	3385945
LALVGFLGGLITGTS	notfound
LANAYNDTRRKVVPPEEIAANREER	25	91	115	+	3842239	3842769	271	345	3842509	3842583
LAQEAGNFERISGDL	15	11	25	+	4352274	4352576	31	75	4352304	4352348
LAQPTQGTTPSSKLG	15	211	225	+	1339349	1340524	631	675	1339979	1340023
LARTISEAGQAMAST	15	72	86	+	4352609	4352896	214	258	4352822	4352866
LDEGKQSLTKLAAAW	15	29	43	+	4352609	4352896	85	129	4352693	4352737
LDPGASQSTTNPIFG	15	174	188	+	4351075	4352181	520	564	4351594	4351638
LEPMASILDPGASQSTTN	18	167	184	+	4351075	4352181	499	552	4351573	4351626
LFAAFPSFAGLRPTF	15	21	35	-	2278498	2278932	61	105	2278828	2278872
LIATNLLGQNTPAIA	multiplematches
LIATNLLGQNTPAIAVNEAE	multiplematches
LLDVRIEDQDHSARLLREGVAMGAV	25	121	145	-	2228991	2229902	361	435	2229468	2229542
LLEQAVAVEEAIDTAAANQL	multiplematches
LLGQNTPAIAVNEAE	multiplematches
LLRAESLPGAGGSLTRTP	18	277	294	+	4351075	4352181	829	882	4351903	4351956
LLTSELPQWLSANRAVKP	notfound
LNIYVRRWRTALHATVSALIVAI	23	4	26	+	2231026	2231454	10	78	2231035	2231103
LNNALQNLARTISEA	15	65	79	+	4352609	4352896	193	237	4352801	4352845
LPEIAANHITQAVLTATN	18	106	123	+	4351075	4352181	316	369	4351390	4351443
LPVASRPFVQRHLSDGFTAAAAAKA	25	166	190	-	2228991	2229902	496	570	2229333	2229407
LPVEYLQVPSPSMGR	multiplematches
LQGQWRGAAGTAAQA	15	39	53	+	4352274	4352576	115	159	4352388	4352432
LQNLARTISEAGQAM	15	69	83	+	4352609	4352896	205	249	4352813	4352857
LQVPSPSMGRDIKVQ	multiplematches
LQVPSPSMGRDIKVQFQSGG	multiplematches
LREGVAMGAVTTERNPVPGCRVHPL	25	136	160	-	2228991	2229902	406	480	2229423	2229497
LRTQPAIHYTEPPVLGIGPA	20	93	112	+	2970123	2970554	277	336	2970399	2970458
LSPLSNMVSMANNHM	notfound
LSVPQAWAAANQAVTPAARA	multiplematches
LTATNFFGINTIPIA	15	119	133	+	4351075	4352181	355	399	4351429	4351473
LTFLGFIGVLLAINLFGNRAIKWAN	25	139	163	-	2221719	2223164	415	489	2222676	2222750
LVAQEAAAAGTPLVT	notfound
LWFELMKPMTSTATGR	16	657	672	-	4357593	4359782	1969	2016	4357767	4357814
LWLSVAAVAGALLALTRAIL	20	171	190	-	1959855	1960487	511	570	1959918	1959977
MAEMKTDAATLAQEAGNF	18	1	18	+	4352274	4352576	1	54	4352274	4352327
MAFLRSVSRLAAAVF	notfound
MAMMARDTAEAAKWG	15	81	95	+	351848	352138	241	285	352088	352132
MATWFSAVFDGLGDVLLDVRIEDQD	25	106	130	-	2228991	2229902	316	390	2229513	2229587
MDYFIRMWNQAALAMEVY	18	137	154	+	4351075	4352181	409	462	4351483	4351536
MHPMIPAEYISNIIYEGPGADSLFF	25	1	25	+	3842239	3842769	1	75	3842239	3842313
MHRIFLITVALALLTASPASAIT	23	1	23	-	4363417	4364757	1	69	4364689	4364757
MINVQAKPAAAASLAAIAIAFLAGC	25	1	25	+	3183905	3184567	1	75	3183905	3183979
MIRAQAGLLEAEHQA	multiplematches
MKEGRYEVRAELPGV	15	46	60	-	2278498	2278932	136	180	2278753	2278797
MKLTTMIKTAVAVVAMAAIATFAAP	25	1	25	-	2178957	2179436	1	75	2179362	2179436
MKRGLTVAVAGAAILVAGLS	20	1	20	+	4209047	4209526	1	60	4209047	4209106
MKRGLTVAVAGAAILVAGLSGCSS	24	1	24	+	4209047	4209526	1	72	4209047	4209118
MLGHAGDMAGYAGTL	15	11	25	+	351848	352138	31	75	351878	351922
MLVLLVAVLVTAVYAFVHA	19	1	19	+	566508	566771	1	57	566508	566564
MLWHAMPPELNTARLMAG	18	1	18	+	4351075	4352181	1	54	4351075	4351128
MMAHAGDMAGYAGTL	15	11	25	-	3378711	3379001	31	75	3378927	3378971
MNDGKRAVTSAVLVVLGACLALWLS	25	1	25	-	3290624	3291325	1	75	3291251	3291325
MNFAVLPPEVNSARI	15	1	15	+	2935046	2936788	1	45	2935046	2935090
MNRHSTAASDRGLQAERTT	19	1	19	+	2546102	2546431	1	57	2546102	2546158
MSFVTTQPEALAAAA	multiplematches
MSQIMYNYPAMRAHA	notfound
MSQIMYNYPTMLGHA	notfound
MSQIMYNYPTMLGHAGDM	notfound
MSTQRPRHSGIRAVG	15	1	15	+	2955058	2955420	1	45	2955058	2955102
MSWVMVSPELVVAAAADLAG	20	1	20	+	838451	840856	1	60	838451	838510
MTDPHAMRDMAGRFE	multiplematches
MTDVSRKIRAWGRRLMIGTAAAVVLPGLVGLAGGAATAGA	40	1	40	-	2134890	2135867	1	120	2135748	2135867
MTEQQWNFAGIEAAASAI	18	1	18	+	4352609	4352896	1	54	4352609	4352662
MTINYQFGDVDAHGA	multiplematches
MTTTPRQPLFCAHA	14	1	14	+	2970123	2970554	1	42	2970123	2970164
MVAAASPYVAWMSVT	multiplematches
MVDPQLDGPQLAALAAVVELGSFDA	25	1	25	-	2228991	2229902	1	75	2229828	2229902
MVNKSRMMPAV	11	1	11	+	503496	504998	1	33	503496	503528
MWDSVASDLFSAASAFQSVV	multiplematches
NAHGQKVQAAGNNMA	multiplematches
NALQNLARTISEAGQAMA	18	67	84	+	4352609	4352896	199	252	4352807	4352860
NEAEYGEMWAQDAAAMFGY	multiplematches
NFERISGDLKTQIDQV	16	17	32	+	4352274	4352576	49	96	4352322	4352369
NFLLPDAQSIQAAAAGFASK	20	272	291	+	1042115	1043239	814	873	1042928	1042987
NIRQAGVQYSRADEE	15	75	89	+	4352274	4352576	223	267	4352496	4352540
NIVNMLHGVRDGLVR	multiplematches
NQAFRNIVNMLHGVR	multiplematches
NQAVTPAARALPLTSLTSAA	multiplematches
NRDDGLQDMLVRKAFRRAITRPTHF	25	196	220	-	2228991	2229902	586	660	2229243	2229317
NTIPIALTEMDYFIRMWN	18	128	145	+	4351075	4352181	382	435	4351456	4351509
NVTSIHSLLDEGKQS	15	21	35	+	4352609	4352896	61	105	4352669	4352713
NYEQQEQASQQILSS	multiplematches
PAPAPAPAEPAPAPAPAGEV	20	291	310	+	2107736	2108713	871	930	2108606	2108665
PAVLAVAVVVAFLTTGCIRWST	22	9	30	+	503496	504998	25	90	503520	503585
PDTAKEKPQEGTVVA	15	31	45	-	3836986	3837288	91	135	3837154	3837198
PEFSELFAAFPSFAG	15	16	30	-	2278498	2278932	46	90	2278843	2278887
PEKLAASPLADGSFVRVCDIHLDVP	25	241	265	-	2228991	2229902	721	795	2229108	2229182
PEPAPPVPTTAASPPSTAAA	20	41	60	+	2107736	2108713	121	180	2107856	2107915
PGWLQANRHVKPTGS	15	149	163	-	4265642	4266658	445	489	4266170	4266214
PHVKPAALAEQPG	13	326	338	-	4357593	4359782	976	1014	4358769	4358807
PMLAAAAGWQTLSAALDA	18	23	40	+	4351075	4352181	67	120	4351141	4351194
PPADPNAPPPPVIAPNAPQP	20	91	110	+	2107736	2108713	271	330	2108006	2108065
PPAPATPVAPPPPAAANTPN	20	61	80	+	2107736	2108713	181	240	2107916	2107975
PPPAAANTPNAQPGDPNAAP	20	71	90	+	2107736	2108713	211	270	2107946	2108005
PRHSGIRAVGPYAWA	15	6	20	+	2955058	2955420	16	60	2955073	2955117
PRVVATVPQLVQLAPHAVQMSQN	23	139	161	+	4356693	4357535	415	483	4357107	4357175
PSMGRDIKVQFQSGG	multiplematches
PSPSMGRDIKVQFQS	multiplematches
PSWGLVVTMFAWGYLLDHVGERMV	24	57	80	+	3351269	3352606	169	240	3351437	3351508
PVEYLQVPSPSMGRD	multiplematches
PVGQLPPAATQTLGQLGE	18	197	214	+	4351075	4352181	589	642	4351663	4351716
PVPGCRVHPLGEMRYLPVASRPFVQ	25	151	175	-	2228991	2229902	451	525	2229378	2229452
PYVIELDGQFCGQLT	15	75	89	+	1111612	1112223	223	267	1111834	1111878
PYVIELYGQFCGQLT	notfound
QATAQAAAYTQAMATTPSLPEIAAN	25	88	112	+	4351075	4352181	262	336	4351336	4351410
QAVLSSAWQGDTGIT	15	36	50	-	3378711	3379001	106	150	3378852	3378896
QFGDVDAHGAMIRAQ	multiplematches
QGQWRGAAGTAAQAA	15	40	54	+	4352274	4352576	118	162	4352391	4352435
QGTGSGAGIAQAAAGTVNIG	20	84	103	+	1042115	1043239	250	309	1042364	1042423
QIPQYKHSVVMGVNKAKVPG	20	156	175	+	377931	378587	466	525	378396	378455
QLIEKPVAPSVMPAAAAGSSATGGA	25	298	322	+	4351075	4352181	892	966	4351966	4352040
QQIAWAPRTSGIAGC	notfound
QQTAWAPRTSGIAGC	15	2	16	-	13133	13558	4	48	13511	13555
QQVGQVLVVREKPCRATTAGIPLLR	25	46	70	-	2228991	2229902	136	210	2229693	2229767
QQVTSLFSQVGGTGGGNP	18	227	244	+	4351075	4352181	679	732	4351753	4351806
QQWNFAGIEAAASAI	15	4	18	+	4352609	4352896	10	54	4352618	4352662
QQWNFAGIEAAASAIQGNVTSIHSL	25	4	28	+	4352609	4352896	10	84	4352618	4352692
QRNLSVVAPSQFTFS	15	36	50	-	2980963	2981190	106	150	2981041	2981085
QTLGQLGEMSGPMQQLTQ	18	207	224	+	4351075	4352181	619	672	4351693	4351746
QTVEDEARRMW	multiplematches
QTVEDEARRMWASAQ	multiplematches
QTYKWETLLTSE	notfound
QVESTAGSLQGQWRGAAGTAAQAAV	25	31	55	+	4352274	4352576	91	165	4352364	4352438
QWNFAGIEAAASAIQ	15	5	19	+	4352609	4352896	13	57	4352621	4352665
QWRGAAGTAAQAAVV	15	42	56	+	4352274	4352576	124	168	4352397	4352441
RAAASGLYRGQQRRRRPG	18	286	303	-	2228991	2229902	856	909	2228994	2229047
RADEEQQQALSSQMGF	16	85	100	+	4352274	4352576	253	300	4352526	4352573
RALKRRNARTKAR	13	69	81	+	3595713	3595967	205	243	3595917	3595955
RELAYSVETTAESLEDELDELDENW	25	31	55	+	3842239	3842769	91	165	3842329	3842403
RFQEAANKQKQELDE	15	57	71	+	4352274	4352576	169	213	4352442	4352486
RGAAGTAAQAAVVRF	15	44	58	+	4352274	4352576	130	174	4352403	4352447
RGKVVLIDFWAYPCI	notfound
RGVAGKVVAGIGILAIRWRLPSGT	24	120	143	+	1555477	1555974	358	429	1555834	1555905
RNFQVIYEQANAHGQ	multiplematches
RRAITRPTHFVPTTEGFTAAARAGL	25	211	235	-	2228991	2229902	631	705	2229198	2229272
RRARWVVRMLTSLLMFPGRD	20	151	170	-	1402778	1403386	451	510	1402877	1402936
RRLKLGDKVYFRHTKAGELCE	21	366	386	+	2002626	2003870	1096	1158	2003721	2003783
RRMWASAQNISGAGW	multiplematches
RSEFAYGSFVRTVSL	15	90	104	-	2278498	2278932	268	312	2278621	2278665
RSPISNMVSMANNHM	15	235	249	+	1339349	1340524	703	747	1340051	1340095
RTFSSGQRALLWAAGVLGALAIIIAVLLVIKAPG	34	331	364	-	17467	18762	991	1092	17671	17772
RTISEAGQAMASTEG	15	74	88	+	4352609	4352896	220	264	4352828	4352872
RVCDIHLDVPLYWQCWKLDSPIIAR	25	256	280	-	2228991	2229902	766	840	2229063	2229137
RVILHSPYGLRVHGPLAL	18	678	695	+	3676775	3681316	2032	2085	3678806	3678859
SAAGSYAAAEAANAS	15	82	96	-	1384989	1386677	244	288	1386390	1386434
SAQNISGAGWSGMAE	multiplematches
SAWQGDTGITYQGWQ	15	41	55	-	3378711	3379001	121	165	3378837	3378881
SEAGQAMASTEGNVT	15	77	91	+	4352609	4352896	229	273	4352837	4352881
SEFAYGSFVRTVSLP	15	91	105	-	2278498	2278932	271	315	2278618	2278662
SEFNEVFFNDVFVPD	15	545	559	-	3423262	3425427	1633	1677	3423751	3423795
SFAAAGLAALAVAVSPPAA	19	11	29	+	3187030	3187611	31	87	3187060	3187116
SGETTTAAGTTASPGAASGP	20	31	50	+	4209047	4209526	91	150	4209137	4209196
SGNFLLPDAQSIQAAAAGFA	20	270	289	+	1042115	1043239	808	867	1042922	1042981
SIHSLLDEGKQSLTKLAA	18	24	41	+	4352609	4352896	70	123	4352678	4352731
SLFAALNIAAVVAVL	notfound
SLKRTRITIAVNADSMATWFSAVFD	25	91	115	-	2228991	2229902	271	345	2229558	2229632
SLQGQWRGAAGTAAQ	15	38	52	+	4352274	4352576	112	156	4352385	4352429
SMAASSALTLAIYHP	15	169	183	-	4265642	4266658	505	549	4266110	4266154
SMSGTHESNTMAMLA	15	71	85	-	3378711	3379001	211	255	3378747	3378791
SNVAGVNTPAIADLDAQYDQYRARN	25	121	145	+	3842239	3842769	361	435	3842599	3842673
SPSMGRDIKVQFQS	multiplematches
SPYVAWMSVTAGQAE	multiplematches
SPYVAWMSVTAGQAELTAAQ	multiplematches
SQLIEKPVAPSVMPAAAA	18	297	314	+	4351075	4352181	889	942	4351963	4352016
SQRIKSLEQQVGQVLVVREK	20	38	57	-	2228991	2229902	112	171	2229732	2229791
SRADEEQQQALSSQMGF	17	84	100	+	4352274	4352576	250	300	4352523	4352573
SRIDGTHQTLQGADL	15	166	180	+	3183905	3184567	496	540	3184400	3184444
SSAGLMVAAASPYVAWMSVT	multiplematches
SSGLGAGVAANLGRAASVGS	multiplematches
SSTATSGAAVVSPAE	multiplematches
STAGSLQGQWRGAAG	15	34	48	+	4352274	4352576	100	144	4352373	4352417
STHEANTMAMMARDT	15	74	88	+	351848	352138	220	264	352067	352111
STIFPFRRLFMVAEV	15	239	253	+	358171	358956	715	759	358885	358929
SVLAAVGLGLATAPA	15	16	30	+	151148	152215	46	90	151193	151237
SVMPAAAAGSSATGGAAP	18	307	324	+	4351075	4352181	919	972	4351993	4352046
SWRILDGLIAVMMVALGISLTVT	23	177	199	+	2230011	2230610	529	597	2230539	2230607
TAGSLQGQWRGAAGT	15	35	49	+	4352274	4352576	103	147	4352376	4352420
TAINSLVTATHGA	13	136	148	-	4357593	4359782	406	444	4359339	4359377
TATEALLPFEDAPLITNPGG	multiplematches
TAWAPRTSGIAGC	13	4	16	-	13133	13558	10	48	13511	13549
TDAATLAQEAGNFER	15	6	20	+	4352274	4352576	16	60	4352289	4352333
TELNNALQNLARTIS	15	63	77	+	4352609	4352896	187	231	4352795	4352839
TEQQWNFAGIEAAAS	15	2	16	+	4352609	4352896	4	48	4352612	4352656
TFAAPVALAAYPITG	15	21	35	-	2178957	2179436	61	105	2179332	2179376
TGSGAGIAQAAAGTVNI	17	86	102	+	1042115	1043239	256	306	1042370	1042420
THSWEYWGAQLNAMK	multiplematches
TIGDTTIPAGRRVLLLYGSA	20	302	321	-	1403386	1404603	904	963	1403641	1403700
TISEAGQAMASTEGN	15	75	89	+	4352609	4352896	223	267	4352831	4352875
TISEAGQAMASTEGNV	16	75	90	+	4352609	4352896	223	270	4352831	4352878
TLLDVAQANLGEAAGTYV	18	67	84	+	351525	351818	199	252	351723	351776
TLSAALDAQAVELTARLN	18	33	50	+	4351075	4352181	97	150	4351171	4351224
TMFAEQMKILVPVFTSND	18	226	243	+	265507	266295	676	729	266182	266235
TNFFGINTIPIALT	14	122	135	+	4351075	4352181	364	405	4351438	4351479
TNIRQAGVQYSRA	13	74	86	+	4352274	4352576	220	258	4352493	4352531
TNIRQAGVQYSRADE	15	74	88	+	4352274	4352576	220	264	4352493	4352537
TPAIAVNEAEYGEMW	multiplematches
TPAIAVNEAEYGEMWAQDAA	multiplematches
TPMVVWLQTASTQAKTR	17	69	85	+	4351075	4352181	205	255	4351279	4351329
TPVRLAEVLVTCA	13	103	115	+	2230011	2230610	307	345	2230317	2230355
TQVRDLIIQASQAGAA	16	57	72	-	234516	236507	169	216	236292	236339
TRMGYGPLVRAATGVTRVWTSDEAQ	25	503	527	+	2113140	2115476	1507	1581	2114646	2114720
TRPGLVAPAPLAQEREED	18	340	357	+	4351075	4352181	1018	1071	4352092	4352145
TSIHSLLDEGKQSLT	15	23	37	+	4352609	4352896	67	111	4352675	4352719
TSPLSNHPLAGGSGPSAG	18	257	274	+	4351075	4352181	769	822	4351843	4351896
TTIFPDHVVGRVGALLALAALIHRD	25	539	563	+	2113140	2115476	1615	1689	2114754	2114828
TVEDEARRMWASAQN	multiplematches
TVSLPVGADEDDIKA	15	101	115	-	2278498	2278932	301	345	2278588	2278632
VAAAQMWDSVASDLF	15	26	40	+	1339349	1340524	76	120	1339424	1339468
VALAAYPITGKLGSE	15	26	40	-	2178957	2179436	76	120	2179317	2179361
VDEPAPPARAIADAALAALG	20	151	170	-	1959855	1960487	451	510	1959978	1960037
VEDEARRMWASAQNI	multiplematches
VELTARLNSLGEAWTGGG	18	43	60	+	4351075	4352181	127	180	4351201	4351254
VEYLQVPSPSMGRDI	multiplematches
VHAQTVEDEARRMWA	multiplematches
VLTASDFWGGAGSAACQGFITQLGR	multiplematches
VLTATNFFGINTIPIALT	18	118	135	+	4351075	4352181	352	405	4351426	4351479
VPPPVIAENRAELMI	multiplematches
VPSPSMGRDIKVQFQ	multiplematches
VQQKWDATATELNNAL	16	54	69	+	4352609	4352896	160	207	4352768	4352815
VRVAAAAYETAYGLTVPPPV	multiplematches
VSQDTSPKPATSPAAPVTTAAMADP	25	31	55	+	3183905	3184567	91	165	3183995	3184069
VTSIHSLLDEGKQSL	15	22	36	+	4352609	4352896	64	108	4352672	4352716
VTVTFMLVWLINHHGWSVAQ	20	229	248	+	3351269	3352606	685	744	3351953	3352012
VVAPSQFTFSSRSPD	15	41	55	-	2980963	2981190	121	165	2981026	2981070
VVGLSMAASSALTLA	15	165	179	-	4265642	4266658	493	537	4266122	4266166
VVHPAVVQANRVRTWLLAVSNVFGQ	25	105	129	-	848103	850040	313	387	849654	849728
VWLQTASTQAKTRAMQAT	18	73	90	+	4351075	4352181	217	270	4351291	4351344
VWLQTASTQAKTRAMQATAQAAAYT	25	73	97	+	4351075	4352181	217	291	4351291	4351365
VYLLDGLRAQDDYNG	multiplematches
VYLVWRFIVPVVGRL	notfound
WIFGWNRLPRLVHLACI	17	113	129	-	1824430	1825887	337	387	1825501	1825551
WKLDSPIIARITDTVRAAASGLYRG	25	271	295	-	2228991	2229902	811	885	2229018	2229092
WMSVTAGQAELTAAQ	multiplematches
WNFAGIEAAASAIQG	15	6	20	+	4352609	4352896	16	60	4352624	4352668
WRGAAGTAAQAAVVR	15	43	57	+	4352274	4352576	127	171	4352400	4352444
WRRRPLSSALLSFGLLLGGLPL	22	5	26	-	2493837	2495399	13	78	2495322	2495387
YDQSGLSVVMPVGGQ	15	104	118	-	4265642	4266658	310	354	4266305	4266349
YFIRMWNQAALAMEV	15	139	153	+	4351075	4352181	415	459	4351489	4351533
YGEMWAQDAAAMFGY	multiplematches
YGEMWAQDAAAMFGYAATAA	20	141	160	-	1532443	1533633	421	480	1533154	1533213
YGSFVRTVSLPVGAD	15	95	109	-	2278498	2278932	283	327	2278606	2278650
YLLDGLRAQDDYNGWDIN	multiplematches
YLQVPSPSMGRDIKVQFQ	multiplematches
YNYPAMMAHAGDMAG	15	6	20	-	3378711	3379001	16	60	3378942	3378986
YPFEGLRILDLGIIVAGGELS	21	373	393	+	2113140	2115476	1117	1179	2114256	2114318
YQAWQAQWNQAMEDL	15	51	65	+	351848	352138	151	195	351998	352042
YQGWQTQWNQALEDL	15	51	65	-	3378711	3379001	151	195	3378807	3378851
SLFAALNIAAVVAVL	15	12	26	+	a	a	a	a	223640	223682
