1692069	A	G	mykrobe	2.2.8	A1692069G
1692141	A	C	mykrobe	4.10	A1692141C
782634	A	G	mykrobe	2.2.4	A782634G
783601	A	C	mykrobe	4.2.1	A783601C
891756	A	G	mykrobe	4.1.2	A891756G
107794	C	T	mykrobe	4.1.2.1	C107794T
1132368	C	T	mykrobe	4.3.4.2	C1132368T
1237818	C	G	mykrobe	3.1.2.1	C1237818G
1477522	C	A	mykrobe	2.2.3	C1477522A
1487796	C	A	mykrobe	4.2.2	C1487796A
1492605	C	T	mykrobe	M.bovis	C1492605T
1502120	C	A	mykrobe	4.3.4.2.1	C1502120A
1799921	C	A	mykrobe	5	C1799921A
1816587	C	G	mykrobe	6	C1816587G
1831253	C	T	mykrobe	AnimalA2	C1831253T
1850119	C	T	mykrobe	4.1.1.1	C1850119T
1881090	C	T	mykrobe	2.1	C1881090T
2875883	C	T	mykrobe	4.6.2.2	C2875883T
3273107	C	A	mykrobe	3	C3273107A
3388166	C	G	mykrobe	4.3.2.1	C3388166G
3470377	C	T	mykrobe	1.2.2	C3470377T
3479545	C	A	mykrobe	1.2.1	C3479545A
3570528	C	G	mykrobe	4.6.2.1	C3570528G
3798451	C	G	mykrobe	4.1.1	C3798451G
4229087	C	T	mykrobe	4.1.1.3	C4229087T
4248115	C	T	mykrobe	2.2.6	C4248115T
615614	C	A	mykrobe	4.3.1	C615614A
1059643	G	A	mykrobe	2.2.5	G1059643A
1084911	G	A	mykrobe	3.1.1	G1084911A
1137518	G	A	mykrobe	7	G1137518A
1364706	G	A	mykrobe	2.2.10	G1364706A
1480024	G	T	mykrobe	4.3	G1480024T
1491275	G	A	mykrobe	1.1.3	G1491275A
1501468	G	C	mykrobe	4.6.1.2	G1501468C
1719757	G	T	mykrobe	4.5	G1719757T
2411730	G	C	mykrobe	4.2	G2411730C
2505085	G	A	mykrobe	2.2	G2505085A
2532616	G	A	mykrobe	2.2.7	G2532616A
2622402	G	A	mykrobe	1.1.2	G2622402A
2694560	G	C	mykrobe	4.4.1.2	G2694560C
2873278	G	T	mykrobe	AnimalA1	G2873278T
2874344	G	A	mykrobe	3.1.2.2	G2874344A
3021283	G	A	mykrobe	1.1.1	G3021283A
3216553	G	A	mykrobe	1.1.1.1	G3216553A
3466426	G	A	mykrobe	4.6	G3466426A
346693	G	T	mykrobe	2.2.1	G346693T
355181	G	A	mykrobe	4.4.1.1	G355181A
3722702	G	C	mykrobe	3.1.2	G3722702C
3977226	G	A	mykrobe	4.3.4	G3977226A
403364	G	A	mykrobe	4.3.3	G403364A
4086	G	T	mykrobe	2.2.9	G4086T
4125058	G	C	mykrobe	4.6.2	G4125058C
4151558	G	A	mykrobe	4.4.1	G4151558A
4246508	G	A	mykrobe	4.4.2	G4246508A
4260268	G	C	mykrobe	4.6.1	G4260268C
4307886	G	A	mykrobe	4.4	G4307886A
4316114	G	A	mykrobe	4.3.2	G4316114A
4398141	G	A	mykrobe	4.3.4.1	G4398141A
4404247	G	A	mykrobe	1.1	G4404247A
497491	G	A	mykrobe	2	G497491A
615938	G	A	mykrobe	1	G615938A
62657	G	A	mykrobe	4.1	G62657A
649585	G	A	mykrobe	M.caprae	G649585A
874787	G	A	mykrobe	4.6.1.1	G874787A
1455780	T	C	mykrobe	4.2.2.1	T1455780C
154276	T	G	mykrobe	AnimalA3	T154276G
4409231	T	G	mykrobe	4.1.3	T4409231G
541048	T	G	mykrobe	4.1.1.2	T541048G
886115	T	C	mykrobe	2.2.2	T886115C
931123	T	C	mykrobe	4	T931123C
